index,section,onset_seconds,midi,note,frequency_hz,velocity,spacing_seconds,duration_seconds
1,01_range_anchors,2.000000,28,E1,41.2034,100,1.000000,0.819792
2,01_range_anchors,3.000000,33,A1,55.0000,100,1.000000,0.819792
3,01_range_anchors,4.000000,36,C2,65.4064,100,1.000000,0.819792
4,01_range_anchors,5.000000,40,E2,82.4069,100,1.000000,0.819792
5,01_range_anchors,6.000000,45,A2,110.0000,100,1.000000,0.819792
6,01_range_anchors,7.000000,48,C3,130.8128,100,1.000000,0.819792
7,01_range_anchors,8.000000,52,E3,164.8138,100,1.000000,0.819792
8,01_range_anchors,9.000000,57,A3,220.0000,100,1.000000,0.819792
9,01_range_anchors,10.000000,60,C4,261.6256,100,1.000000,0.819792
10,01_range_anchors,11.000000,64,E4,329.6276,100,1.000000,0.819792
11,01_range_anchors,12.000000,69,A4,440.0000,100,1.000000,0.819792
12,01_range_anchors,13.000000,72,C5,523.2511,100,1.000000,0.819792
13,01_range_anchors,14.000000,76,E5,659.2551,100,1.000000,0.819792
14,01_range_anchors,15.000000,81,A5,880.0000,100,1.000000,0.819792
15,01_range_anchors,16.000000,84,C6,1046.5023,100,1.000000,0.819792
16,01_range_anchors,17.000000,88,E6,1318.5102,100,1.000000,0.819792
17,01_range_anchors,18.000000,93,A6,1760.0000,100,1.000000,0.819792
18,02_chromatic_up_E1_to_A6,20.000000,28,E1,41.2034,92,0.250000,0.155208
19,02_chromatic_up_E1_to_A6,20.250000,29,F1,43.6535,92,0.250000,0.155208
20,02_chromatic_up_E1_to_A6,20.500000,30,F#1,46.2493,92,0.250000,0.155208
21,02_chromatic_up_E1_to_A6,20.750000,31,G1,48.9994,92,0.250000,0.155208
22,02_chromatic_up_E1_to_A6,21.000000,32,G#1,51.9131,92,0.250000,0.155208
23,02_chromatic_up_E1_to_A6,21.250000,33,A1,55.0000,92,0.250000,0.155208
24,02_chromatic_up_E1_to_A6,21.500000,34,A#1,58.2705,92,0.250000,0.155208
25,02_chromatic_up_E1_to_A6,21.750000,35,B1,61.7354,92,0.250000,0.155208
26,02_chromatic_up_E1_to_A6,22.000000,36,C2,65.4064,92,0.250000,0.155208
27,02_chromatic_up_E1_to_A6,22.250000,37,C#2,69.2957,92,0.250000,0.155208
28,02_chromatic_up_E1_to_A6,22.500000,38,D2,73.4162,92,0.250000,0.155208
29,02_chromatic_up_E1_to_A6,22.750000,39,D#2,77.7817,92,0.250000,0.155208
30,02_chromatic_up_E1_to_A6,23.000000,40,E2,82.4069,92,0.250000,0.155208
31,02_chromatic_up_E1_to_A6,23.250000,41,F2,87.3071,92,0.250000,0.155208
32,02_chromatic_up_E1_to_A6,23.500000,42,F#2,92.4986,92,0.250000,0.155208
33,02_chromatic_up_E1_to_A6,23.750000,43,G2,97.9989,92,0.250000,0.155208
34,02_chromatic_up_E1_to_A6,24.000000,44,G#2,103.8262,92,0.250000,0.155208
35,02_chromatic_up_E1_to_A6,24.250000,45,A2,110.0000,92,0.250000,0.155208
36,02_chromatic_up_E1_to_A6,24.500000,46,A#2,116.5409,92,0.250000,0.155208
37,02_chromatic_up_E1_to_A6,24.750000,47,B2,123.4708,92,0.250000,0.155208
38,02_chromatic_up_E1_to_A6,25.000000,48,C3,130.8128,92,0.250000,0.155208
39,02_chromatic_up_E1_to_A6,25.250000,49,C#3,138.5913,92,0.250000,0.155208
40,02_chromatic_up_E1_to_A6,25.500000,50,D3,146.8324,92,0.250000,0.155208
41,02_chromatic_up_E1_to_A6,25.750000,51,D#3,155.5635,92,0.250000,0.155208
42,02_chromatic_up_E1_to_A6,26.000000,52,E3,164.8138,92,0.250000,0.155208
43,02_chromatic_up_E1_to_A6,26.250000,53,F3,174.6141,92,0.250000,0.155208
44,02_chromatic_up_E1_to_A6,26.500000,54,F#3,184.9972,92,0.250000,0.155208
45,02_chromatic_up_E1_to_A6,26.750000,55,G3,195.9977,92,0.250000,0.155208
46,02_chromatic_up_E1_to_A6,27.000000,56,G#3,207.6523,92,0.250000,0.155208
47,02_chromatic_up_E1_to_A6,27.250000,57,A3,220.0000,92,0.250000,0.155208
48,02_chromatic_up_E1_to_A6,27.500000,58,A#3,233.0819,92,0.250000,0.155208
49,02_chromatic_up_E1_to_A6,27.750000,59,B3,246.9417,92,0.250000,0.155208
50,02_chromatic_up_E1_to_A6,28.000000,60,C4,261.6256,92,0.250000,0.155208
51,02_chromatic_up_E1_to_A6,28.250000,61,C#4,277.1826,92,0.250000,0.155208
52,02_chromatic_up_E1_to_A6,28.500000,62,D4,293.6648,92,0.250000,0.155208
53,02_chromatic_up_E1_to_A6,28.750000,63,D#4,311.1270,92,0.250000,0.155208
54,02_chromatic_up_E1_to_A6,29.000000,64,E4,329.6276,92,0.250000,0.155208
55,02_chromatic_up_E1_to_A6,29.250000,65,F4,349.2282,92,0.250000,0.155208
56,02_chromatic_up_E1_to_A6,29.500000,66,F#4,369.9944,92,0.250000,0.155208
57,02_chromatic_up_E1_to_A6,29.750000,67,G4,391.9954,92,0.250000,0.155208
58,02_chromatic_up_E1_to_A6,30.000000,68,G#4,415.3047,92,0.250000,0.155208
59,02_chromatic_up_E1_to_A6,30.250000,69,A4,440.0000,92,0.250000,0.155208
60,02_chromatic_up_E1_to_A6,30.500000,70,A#4,466.1638,92,0.250000,0.155208
61,02_chromatic_up_E1_to_A6,30.750000,71,B4,493.8833,92,0.250000,0.155208
62,02_chromatic_up_E1_to_A6,31.000000,72,C5,523.2511,92,0.250000,0.155208
63,02_chromatic_up_E1_to_A6,31.250000,73,C#5,554.3653,92,0.250000,0.155208
64,02_chromatic_up_E1_to_A6,31.500000,74,D5,587.3295,92,0.250000,0.155208
65,02_chromatic_up_E1_to_A6,31.750000,75,D#5,622.2540,92,0.250000,0.155208
66,02_chromatic_up_E1_to_A6,32.000000,76,E5,659.2551,92,0.250000,0.155208
67,02_chromatic_up_E1_to_A6,32.250000,77,F5,698.4565,92,0.250000,0.155208
68,02_chromatic_up_E1_to_A6,32.500000,78,F#5,739.9888,92,0.250000,0.155208
69,02_chromatic_up_E1_to_A6,32.750000,79,G5,783.9909,92,0.250000,0.155208
70,02_chromatic_up_E1_to_A6,33.000000,80,G#5,830.6094,92,0.250000,0.155208
71,02_chromatic_up_E1_to_A6,33.250000,81,A5,880.0000,92,0.250000,0.155208
72,02_chromatic_up_E1_to_A6,33.500000,82,A#5,932.3275,92,0.250000,0.155208
73,02_chromatic_up_E1_to_A6,33.750000,83,B5,987.7666,92,0.250000,0.155208
74,02_chromatic_up_E1_to_A6,34.000000,84,C6,1046.5023,92,0.250000,0.155208
75,02_chromatic_up_E1_to_A6,34.250000,85,C#6,1108.7305,92,0.250000,0.155208
76,02_chromatic_up_E1_to_A6,34.500000,86,D6,1174.6591,92,0.250000,0.155208
77,02_chromatic_up_E1_to_A6,34.750000,87,D#6,1244.5079,92,0.250000,0.155208
78,02_chromatic_up_E1_to_A6,35.000000,88,E6,1318.5102,92,0.250000,0.155208
79,02_chromatic_up_E1_to_A6,35.250000,89,F6,1396.9129,92,0.250000,0.155208
80,02_chromatic_up_E1_to_A6,35.500000,90,F#6,1479.9777,92,0.250000,0.155208
81,02_chromatic_up_E1_to_A6,35.750000,91,G6,1567.9817,92,0.250000,0.155208
82,02_chromatic_up_E1_to_A6,36.000000,92,G#6,1661.2188,92,0.250000,0.155208
83,02_chromatic_up_E1_to_A6,36.250000,93,A6,1760.0000,92,0.250000,0.155208
84,03_chromatic_down_A6_to_E1,37.500000,93,A6,1760.0000,92,0.250000,0.155208
85,03_chromatic_down_A6_to_E1,37.750000,92,G#6,1661.2188,92,0.250000,0.155208
86,03_chromatic_down_A6_to_E1,38.000000,91,G6,1567.9817,92,0.250000,0.155208
87,03_chromatic_down_A6_to_E1,38.250000,90,F#6,1479.9777,92,0.250000,0.155208
88,03_chromatic_down_A6_to_E1,38.500000,89,F6,1396.9129,92,0.250000,0.155208
89,03_chromatic_down_A6_to_E1,38.750000,88,E6,1318.5102,92,0.250000,0.155208
90,03_chromatic_down_A6_to_E1,39.000000,87,D#6,1244.5079,92,0.250000,0.155208
91,03_chromatic_down_A6_to_E1,39.250000,86,D6,1174.6591,92,0.250000,0.155208
92,03_chromatic_down_A6_to_E1,39.500000,85,C#6,1108.7305,92,0.250000,0.155208
93,03_chromatic_down_A6_to_E1,39.750000,84,C6,1046.5023,92,0.250000,0.155208
94,03_chromatic_down_A6_to_E1,40.000000,83,B5,987.7666,92,0.250000,0.155208
95,03_chromatic_down_A6_to_E1,40.250000,82,A#5,932.3275,92,0.250000,0.155208
96,03_chromatic_down_A6_to_E1,40.500000,81,A5,880.0000,92,0.250000,0.155208
97,03_chromatic_down_A6_to_E1,40.750000,80,G#5,830.6094,92,0.250000,0.155208
98,03_chromatic_down_A6_to_E1,41.000000,79,G5,783.9909,92,0.250000,0.155208
99,03_chromatic_down_A6_to_E1,41.250000,78,F#5,739.9888,92,0.250000,0.155208
100,03_chromatic_down_A6_to_E1,41.500000,77,F5,698.4565,92,0.250000,0.155208
101,03_chromatic_down_A6_to_E1,41.750000,76,E5,659.2551,92,0.250000,0.155208
102,03_chromatic_down_A6_to_E1,42.000000,75,D#5,622.2540,92,0.250000,0.155208
103,03_chromatic_down_A6_to_E1,42.250000,74,D5,587.3295,92,0.250000,0.155208
104,03_chromatic_down_A6_to_E1,42.500000,73,C#5,554.3653,92,0.250000,0.155208
105,03_chromatic_down_A6_to_E1,42.750000,72,C5,523.2511,92,0.250000,0.155208
106,03_chromatic_down_A6_to_E1,43.000000,71,B4,493.8833,92,0.250000,0.155208
107,03_chromatic_down_A6_to_E1,43.250000,70,A#4,466.1638,92,0.250000,0.155208
108,03_chromatic_down_A6_to_E1,43.500000,69,A4,440.0000,92,0.250000,0.155208
109,03_chromatic_down_A6_to_E1,43.750000,68,G#4,415.3047,92,0.250000,0.155208
110,03_chromatic_down_A6_to_E1,44.000000,67,G4,391.9954,92,0.250000,0.155208
111,03_chromatic_down_A6_to_E1,44.250000,66,F#4,369.9944,92,0.250000,0.155208
112,03_chromatic_down_A6_to_E1,44.500000,65,F4,349.2282,92,0.250000,0.155208
113,03_chromatic_down_A6_to_E1,44.750000,64,E4,329.6276,92,0.250000,0.155208
114,03_chromatic_down_A6_to_E1,45.000000,63,D#4,311.1270,92,0.250000,0.155208
115,03_chromatic_down_A6_to_E1,45.250000,62,D4,293.6648,92,0.250000,0.155208
116,03_chromatic_down_A6_to_E1,45.500000,61,C#4,277.1826,92,0.250000,0.155208
117,03_chromatic_down_A6_to_E1,45.750000,60,C4,261.6256,92,0.250000,0.155208
118,03_chromatic_down_A6_to_E1,46.000000,59,B3,246.9417,92,0.250000,0.155208
119,03_chromatic_down_A6_to_E1,46.250000,58,A#3,233.0819,92,0.250000,0.155208
120,03_chromatic_down_A6_to_E1,46.500000,57,A3,220.0000,92,0.250000,0.155208
121,03_chromatic_down_A6_to_E1,46.750000,56,G#3,207.6523,92,0.250000,0.155208
122,03_chromatic_down_A6_to_E1,47.000000,55,G3,195.9977,92,0.250000,0.155208
123,03_chromatic_down_A6_to_E1,47.250000,54,F#3,184.9972,92,0.250000,0.155208
124,03_chromatic_down_A6_to_E1,47.500000,53,F3,174.6141,92,0.250000,0.155208
125,03_chromatic_down_A6_to_E1,47.750000,52,E3,164.8138,92,0.250000,0.155208
126,03_chromatic_down_A6_to_E1,48.000000,51,D#3,155.5635,92,0.250000,0.155208
127,03_chromatic_down_A6_to_E1,48.250000,50,D3,146.8324,92,0.250000,0.155208
128,03_chromatic_down_A6_to_E1,48.500000,49,C#3,138.5913,92,0.250000,0.155208
129,03_chromatic_down_A6_to_E1,48.750000,48,C3,130.8128,92,0.250000,0.155208
130,03_chromatic_down_A6_to_E1,49.000000,47,B2,123.4708,92,0.250000,0.155208
131,03_chromatic_down_A6_to_E1,49.250000,46,A#2,116.5409,92,0.250000,0.155208
132,03_chromatic_down_A6_to_E1,49.500000,45,A2,110.0000,92,0.250000,0.155208
133,03_chromatic_down_A6_to_E1,49.750000,44,G#2,103.8262,92,0.250000,0.155208
134,03_chromatic_down_A6_to_E1,50.000000,43,G2,97.9989,92,0.250000,0.155208
135,03_chromatic_down_A6_to_E1,50.250000,42,F#2,92.4986,92,0.250000,0.155208
136,03_chromatic_down_A6_to_E1,50.500000,41,F2,87.3071,92,0.250000,0.155208
137,03_chromatic_down_A6_to_E1,50.750000,40,E2,82.4069,92,0.250000,0.155208
138,03_chromatic_down_A6_to_E1,51.000000,39,D#2,77.7817,92,0.250000,0.155208
139,03_chromatic_down_A6_to_E1,51.250000,38,D2,73.4162,92,0.250000,0.155208
140,03_chromatic_down_A6_to_E1,51.500000,37,C#2,69.2957,92,0.250000,0.155208
141,03_chromatic_down_A6_to_E1,51.750000,36,C2,65.4064,92,0.250000,0.155208
142,03_chromatic_down_A6_to_E1,52.000000,35,B1,61.7354,92,0.250000,0.155208
143,03_chromatic_down_A6_to_E1,52.250000,34,A#1,58.2705,92,0.250000,0.155208
144,03_chromatic_down_A6_to_E1,52.500000,33,A1,55.0000,92,0.250000,0.155208
145,03_chromatic_down_A6_to_E1,52.750000,32,G#1,51.9131,92,0.250000,0.155208
146,03_chromatic_down_A6_to_E1,53.000000,31,G1,48.9994,92,0.250000,0.155208
147,03_chromatic_down_A6_to_E1,53.250000,30,F#1,46.2493,92,0.250000,0.155208
148,03_chromatic_down_A6_to_E1,53.500000,29,F1,43.6535,92,0.250000,0.155208
149,03_chromatic_down_A6_to_E1,53.750000,28,E1,41.2034,92,0.250000,0.155208
150,04_octave_and_wide_leaps,55.000000,48,C3,130.8128,100,0.375000,0.206250
151,04_octave_and_wide_leaps,55.375000,60,C4,261.6256,100,0.375000,0.206250
152,04_octave_and_wide_leaps,55.750000,48,C3,130.8128,100,0.375000,0.206250
153,04_octave_and_wide_leaps,56.125000,72,C5,523.2511,100,0.375000,0.206250
154,04_octave_and_wide_leaps,56.500000,48,C3,130.8128,100,0.375000,0.206250
155,04_octave_and_wide_leaps,56.875000,84,C6,1046.5023,100,0.375000,0.206250
156,04_octave_and_wide_leaps,57.250000,52,E3,164.8138,100,0.375000,0.206250
157,04_octave_and_wide_leaps,57.625000,64,E4,329.6276,100,0.375000,0.206250
158,04_octave_and_wide_leaps,58.000000,76,E5,659.2551,100,0.375000,0.206250
159,04_octave_and_wide_leaps,58.375000,88,E6,1318.5102,100,0.375000,0.206250
160,04_octave_and_wide_leaps,58.750000,57,A3,220.0000,100,0.375000,0.206250
161,04_octave_and_wide_leaps,59.125000,69,A4,440.0000,100,0.375000,0.206250
162,04_octave_and_wide_leaps,59.500000,81,A5,880.0000,100,0.375000,0.206250
163,04_octave_and_wide_leaps,59.875000,93,A6,1760.0000,100,0.375000,0.206250
164,04_octave_and_wide_leaps,60.250000,69,A4,440.0000,100,0.375000,0.206250
165,04_octave_and_wide_leaps,60.625000,45,A2,110.0000,100,0.375000,0.206250
166,04_octave_and_wide_leaps,61.000000,81,A5,880.0000,100,0.375000,0.206250
167,04_octave_and_wide_leaps,61.375000,52,E3,164.8138,100,0.375000,0.206250
168,04_octave_and_wide_leaps,61.750000,88,E6,1318.5102,100,0.375000,0.206250
169,04_octave_and_wide_leaps,62.125000,40,E2,82.4069,100,0.375000,0.206250
170,04_octave_and_wide_leaps,62.500000,76,E5,659.2551,100,0.375000,0.206250
171,05_semitone_trills,63.875000,59,B3,246.9417,98,0.125000,0.072917
172,05_semitone_trills,64.000000,60,C4,261.6256,98,0.125000,0.072917
173,05_semitone_trills,64.125000,59,B3,246.9417,98,0.125000,0.072917
174,05_semitone_trills,64.250000,60,C4,261.6256,98,0.125000,0.072917
175,05_semitone_trills,64.375000,59,B3,246.9417,98,0.125000,0.072917
176,05_semitone_trills,64.500000,60,C4,261.6256,98,0.125000,0.072917
177,05_semitone_trills,64.625000,59,B3,246.9417,98,0.125000,0.072917
178,05_semitone_trills,64.750000,60,C4,261.6256,98,0.125000,0.072917
179,05_semitone_trills,64.875000,59,B3,246.9417,98,0.125000,0.072917
180,05_semitone_trills,65.000000,60,C4,261.6256,98,0.125000,0.072917
181,05_semitone_trills,65.125000,59,B3,246.9417,98,0.125000,0.072917
182,05_semitone_trills,65.250000,60,C4,261.6256,98,0.125000,0.072917
183,05_semitone_trills,65.375000,59,B3,246.9417,98,0.125000,0.072917
184,05_semitone_trills,65.500000,60,C4,261.6256,98,0.125000,0.072917
185,05_semitone_trills,65.625000,59,B3,246.9417,98,0.125000,0.072917
186,05_semitone_trills,65.750000,60,C4,261.6256,98,0.125000,0.072917
187,05_semitone_trills,66.125000,64,E4,329.6276,98,0.125000,0.072917
188,05_semitone_trills,66.250000,65,F4,349.2282,98,0.125000,0.072917
189,05_semitone_trills,66.375000,64,E4,329.6276,98,0.125000,0.072917
190,05_semitone_trills,66.500000,65,F4,349.2282,98,0.125000,0.072917
191,05_semitone_trills,66.625000,64,E4,329.6276,98,0.125000,0.072917
192,05_semitone_trills,66.750000,65,F4,349.2282,98,0.125000,0.072917
193,05_semitone_trills,66.875000,64,E4,329.6276,98,0.125000,0.072917
194,05_semitone_trills,67.000000,65,F4,349.2282,98,0.125000,0.072917
195,05_semitone_trills,67.125000,64,E4,329.6276,98,0.125000,0.072917
196,05_semitone_trills,67.250000,65,F4,349.2282,98,0.125000,0.072917
197,05_semitone_trills,67.375000,64,E4,329.6276,98,0.125000,0.072917
198,05_semitone_trills,67.500000,65,F4,349.2282,98,0.125000,0.072917
199,05_semitone_trills,67.625000,64,E4,329.6276,98,0.125000,0.072917
200,05_semitone_trills,67.750000,65,F4,349.2282,98,0.125000,0.072917
201,05_semitone_trills,67.875000,64,E4,329.6276,98,0.125000,0.072917
202,05_semitone_trills,68.000000,65,F4,349.2282,98,0.125000,0.072917
203,05_semitone_trills,68.375000,69,A4,440.0000,98,0.125000,0.072917
204,05_semitone_trills,68.500000,70,A#4,466.1638,98,0.125000,0.072917
205,05_semitone_trills,68.625000,69,A4,440.0000,98,0.125000,0.072917
206,05_semitone_trills,68.750000,70,A#4,466.1638,98,0.125000,0.072917
207,05_semitone_trills,68.875000,69,A4,440.0000,98,0.125000,0.072917
208,05_semitone_trills,69.000000,70,A#4,466.1638,98,0.125000,0.072917
209,05_semitone_trills,69.125000,69,A4,440.0000,98,0.125000,0.072917
210,05_semitone_trills,69.250000,70,A#4,466.1638,98,0.125000,0.072917
211,05_semitone_trills,69.375000,69,A4,440.0000,98,0.125000,0.072917
212,05_semitone_trills,69.500000,70,A#4,466.1638,98,0.125000,0.072917
213,05_semitone_trills,69.625000,69,A4,440.0000,98,0.125000,0.072917
214,05_semitone_trills,69.750000,70,A#4,466.1638,98,0.125000,0.072917
215,05_semitone_trills,69.875000,69,A4,440.0000,98,0.125000,0.072917
216,05_semitone_trills,70.000000,70,A#4,466.1638,98,0.125000,0.072917
217,05_semitone_trills,70.125000,69,A4,440.0000,98,0.125000,0.072917
218,05_semitone_trills,70.250000,70,A#4,466.1638,98,0.125000,0.072917
219,05_semitone_trills,70.625000,72,C5,523.2511,98,0.125000,0.072917
220,05_semitone_trills,70.750000,73,C#5,554.3653,98,0.125000,0.072917
221,05_semitone_trills,70.875000,72,C5,523.2511,98,0.125000,0.072917
222,05_semitone_trills,71.000000,73,C#5,554.3653,98,0.125000,0.072917
223,05_semitone_trills,71.125000,72,C5,523.2511,98,0.125000,0.072917
224,05_semitone_trills,71.250000,73,C#5,554.3653,98,0.125000,0.072917
225,05_semitone_trills,71.375000,72,C5,523.2511,98,0.125000,0.072917
226,05_semitone_trills,71.500000,73,C#5,554.3653,98,0.125000,0.072917
227,05_semitone_trills,71.625000,72,C5,523.2511,98,0.125000,0.072917
228,05_semitone_trills,71.750000,73,C#5,554.3653,98,0.125000,0.072917
229,05_semitone_trills,71.875000,72,C5,523.2511,98,0.125000,0.072917
230,05_semitone_trills,72.000000,73,C#5,554.3653,98,0.125000,0.072917
231,05_semitone_trills,72.125000,72,C5,523.2511,98,0.125000,0.072917
232,05_semitone_trills,72.250000,73,C#5,554.3653,98,0.125000,0.072917
233,05_semitone_trills,72.375000,72,C5,523.2511,98,0.125000,0.072917
234,05_semitone_trills,72.500000,73,C#5,554.3653,98,0.125000,0.072917
235,05_semitone_trills,72.875000,76,E5,659.2551,98,0.125000,0.072917
236,05_semitone_trills,73.000000,77,F5,698.4565,98,0.125000,0.072917
237,05_semitone_trills,73.125000,76,E5,659.2551,98,0.125000,0.072917
238,05_semitone_trills,73.250000,77,F5,698.4565,98,0.125000,0.072917
239,05_semitone_trills,73.375000,76,E5,659.2551,98,0.125000,0.072917
240,05_semitone_trills,73.500000,77,F5,698.4565,98,0.125000,0.072917
241,05_semitone_trills,73.625000,76,E5,659.2551,98,0.125000,0.072917
242,05_semitone_trills,73.750000,77,F5,698.4565,98,0.125000,0.072917
243,05_semitone_trills,73.875000,76,E5,659.2551,98,0.125000,0.072917
244,05_semitone_trills,74.000000,77,F5,698.4565,98,0.125000,0.072917
245,05_semitone_trills,74.125000,76,E5,659.2551,98,0.125000,0.072917
246,05_semitone_trills,74.250000,77,F5,698.4565,98,0.125000,0.072917
247,05_semitone_trills,74.375000,76,E5,659.2551,98,0.125000,0.072917
248,05_semitone_trills,74.500000,77,F5,698.4565,98,0.125000,0.072917
249,05_semitone_trills,74.625000,76,E5,659.2551,98,0.125000,0.072917
250,05_semitone_trills,74.750000,77,F5,698.4565,98,0.125000,0.072917
251,06_same_note_reattacks,75.125000,69,A4,440.0000,105,0.500000,0.239583
252,06_same_note_reattacks,75.625000,69,A4,440.0000,105,0.500000,0.239583
253,06_same_note_reattacks,76.125000,69,A4,440.0000,105,0.500000,0.239583
254,06_same_note_reattacks,76.625000,69,A4,440.0000,105,0.500000,0.239583
255,06_same_note_reattacks,77.125000,69,A4,440.0000,105,0.500000,0.239583
256,06_same_note_reattacks,77.625000,69,A4,440.0000,105,0.500000,0.239583
257,06_same_note_reattacks,78.125000,69,A4,440.0000,105,0.500000,0.239583
258,06_same_note_reattacks,78.625000,69,A4,440.0000,105,0.500000,0.239583
259,06_same_note_reattacks,79.125000,69,A4,440.0000,105,0.500000,0.239583
260,06_same_note_reattacks,79.625000,69,A4,440.0000,105,0.500000,0.239583
261,06_same_note_reattacks,80.125000,69,A4,440.0000,105,0.500000,0.239583
262,06_same_note_reattacks,80.625000,69,A4,440.0000,105,0.500000,0.239583
263,06_same_note_reattacks,81.625000,69,A4,440.0000,105,0.250000,0.119792
264,06_same_note_reattacks,81.875000,69,A4,440.0000,105,0.250000,0.119792
265,06_same_note_reattacks,82.125000,69,A4,440.0000,105,0.250000,0.119792
266,06_same_note_reattacks,82.375000,69,A4,440.0000,105,0.250000,0.119792
267,06_same_note_reattacks,82.625000,69,A4,440.0000,105,0.250000,0.119792
268,06_same_note_reattacks,82.875000,69,A4,440.0000,105,0.250000,0.119792
269,06_same_note_reattacks,83.125000,69,A4,440.0000,105,0.250000,0.119792
270,06_same_note_reattacks,83.375000,69,A4,440.0000,105,0.250000,0.119792
271,06_same_note_reattacks,83.625000,69,A4,440.0000,105,0.250000,0.119792
272,06_same_note_reattacks,83.875000,69,A4,440.0000,105,0.250000,0.119792
273,06_same_note_reattacks,84.125000,69,A4,440.0000,105,0.250000,0.119792
274,06_same_note_reattacks,84.375000,69,A4,440.0000,105,0.250000,0.119792
275,06_same_note_reattacks,85.125000,69,A4,440.0000,105,0.125000,0.060417
276,06_same_note_reattacks,85.250000,69,A4,440.0000,105,0.125000,0.060417
277,06_same_note_reattacks,85.375000,69,A4,440.0000,105,0.125000,0.060417
278,06_same_note_reattacks,85.500000,69,A4,440.0000,105,0.125000,0.060417
279,06_same_note_reattacks,85.625000,69,A4,440.0000,105,0.125000,0.060417
280,06_same_note_reattacks,85.750000,69,A4,440.0000,105,0.125000,0.060417
281,06_same_note_reattacks,85.875000,69,A4,440.0000,105,0.125000,0.060417
282,06_same_note_reattacks,86.000000,69,A4,440.0000,105,0.125000,0.060417
283,06_same_note_reattacks,86.125000,69,A4,440.0000,105,0.125000,0.060417
284,06_same_note_reattacks,86.250000,69,A4,440.0000,105,0.125000,0.060417
285,06_same_note_reattacks,86.375000,69,A4,440.0000,105,0.125000,0.060417
286,06_same_note_reattacks,86.500000,69,A4,440.0000,105,0.125000,0.060417
287,06_same_note_reattacks,87.125000,69,A4,440.0000,105,0.062500,0.030208
288,06_same_note_reattacks,87.187500,69,A4,440.0000,105,0.062500,0.030208
289,06_same_note_reattacks,87.250000,69,A4,440.0000,105,0.062500,0.030208
290,06_same_note_reattacks,87.312500,69,A4,440.0000,105,0.062500,0.030208
291,06_same_note_reattacks,87.375000,69,A4,440.0000,105,0.062500,0.030208
292,06_same_note_reattacks,87.437500,69,A4,440.0000,105,0.062500,0.030208
293,06_same_note_reattacks,87.500000,69,A4,440.0000,105,0.062500,0.030208
294,06_same_note_reattacks,87.562500,69,A4,440.0000,105,0.062500,0.030208
295,06_same_note_reattacks,87.625000,69,A4,440.0000,105,0.062500,0.030208
296,06_same_note_reattacks,87.687500,69,A4,440.0000,105,0.062500,0.030208
297,06_same_note_reattacks,87.750000,69,A4,440.0000,105,0.062500,0.030208
298,06_same_note_reattacks,87.812500,69,A4,440.0000,105,0.062500,0.030208
299,07_fast_16th_scale,88.375000,60,C4,261.6256,96,0.125000,0.068750
300,07_fast_16th_scale,88.500000,62,D4,293.6648,96,0.125000,0.068750
301,07_fast_16th_scale,88.625000,64,E4,329.6276,96,0.125000,0.068750
302,07_fast_16th_scale,88.750000,65,F4,349.2282,96,0.125000,0.068750
303,07_fast_16th_scale,88.875000,67,G4,391.9954,96,0.125000,0.068750
304,07_fast_16th_scale,89.000000,69,A4,440.0000,96,0.125000,0.068750
305,07_fast_16th_scale,89.125000,71,B4,493.8833,96,0.125000,0.068750
306,07_fast_16th_scale,89.250000,72,C5,523.2511,96,0.125000,0.068750
307,07_fast_16th_scale,89.375000,71,B4,493.8833,96,0.125000,0.068750
308,07_fast_16th_scale,89.500000,69,A4,440.0000,96,0.125000,0.068750
309,07_fast_16th_scale,89.625000,67,G4,391.9954,96,0.125000,0.068750
310,07_fast_16th_scale,89.750000,65,F4,349.2282,96,0.125000,0.068750
311,07_fast_16th_scale,89.875000,64,E4,329.6276,96,0.125000,0.068750
312,07_fast_16th_scale,90.000000,62,D4,293.6648,96,0.125000,0.068750
313,07_fast_16th_scale,90.125000,60,C4,261.6256,96,0.125000,0.068750
314,07_fast_16th_scale,90.250000,62,D4,293.6648,96,0.125000,0.068750
315,07_fast_16th_scale,90.375000,64,E4,329.6276,96,0.125000,0.068750
316,07_fast_16th_scale,90.500000,65,F4,349.2282,96,0.125000,0.068750
317,07_fast_16th_scale,90.625000,67,G4,391.9954,96,0.125000,0.068750
318,07_fast_16th_scale,90.750000,69,A4,440.0000,96,0.125000,0.068750
319,07_fast_16th_scale,90.875000,71,B4,493.8833,96,0.125000,0.068750
320,07_fast_16th_scale,91.000000,72,C5,523.2511,96,0.125000,0.068750
321,07_fast_16th_scale,91.125000,71,B4,493.8833,96,0.125000,0.068750
322,07_fast_16th_scale,91.250000,69,A4,440.0000,96,0.125000,0.068750
323,07_fast_16th_scale,91.375000,67,G4,391.9954,96,0.125000,0.068750
324,07_fast_16th_scale,91.500000,65,F4,349.2282,96,0.125000,0.068750
325,07_fast_16th_scale,91.625000,64,E4,329.6276,96,0.125000,0.068750
326,07_fast_16th_scale,91.750000,62,D4,293.6648,96,0.125000,0.068750
327,07_fast_16th_scale,91.875000,60,C4,261.6256,96,0.125000,0.068750
328,07_fast_16th_scale,92.000000,62,D4,293.6648,96,0.125000,0.068750
329,07_fast_16th_scale,92.125000,64,E4,329.6276,96,0.125000,0.068750
330,07_fast_16th_scale,92.250000,65,F4,349.2282,96,0.125000,0.068750
331,07_fast_16th_scale,92.375000,67,G4,391.9954,96,0.125000,0.068750
332,07_fast_16th_scale,92.500000,69,A4,440.0000,96,0.125000,0.068750
333,07_fast_16th_scale,92.625000,71,B4,493.8833,96,0.125000,0.068750
334,07_fast_16th_scale,92.750000,72,C5,523.2511,96,0.125000,0.068750
335,07_fast_16th_scale,92.875000,71,B4,493.8833,96,0.125000,0.068750
336,07_fast_16th_scale,93.000000,69,A4,440.0000,96,0.125000,0.068750
337,07_fast_16th_scale,93.125000,67,G4,391.9954,96,0.125000,0.068750
338,07_fast_16th_scale,93.250000,65,F4,349.2282,96,0.125000,0.068750
339,07_fast_16th_scale,93.375000,64,E4,329.6276,96,0.125000,0.068750
340,07_fast_16th_scale,93.500000,62,D4,293.6648,96,0.125000,0.068750
341,07_fast_16th_scale,93.625000,60,C4,261.6256,96,0.125000,0.068750
342,07_fast_16th_scale,93.750000,62,D4,293.6648,96,0.125000,0.068750
343,07_fast_16th_scale,93.875000,64,E4,329.6276,96,0.125000,0.068750
344,07_fast_16th_scale,94.000000,65,F4,349.2282,96,0.125000,0.068750
345,07_fast_16th_scale,94.125000,67,G4,391.9954,96,0.125000,0.068750
346,07_fast_16th_scale,94.250000,69,A4,440.0000,96,0.125000,0.068750
347,07_fast_16th_scale,94.375000,71,B4,493.8833,96,0.125000,0.068750
348,07_fast_16th_scale,94.500000,72,C5,523.2511,96,0.125000,0.068750
349,07_fast_16th_scale,94.625000,71,B4,493.8833,96,0.125000,0.068750
350,07_fast_16th_scale,94.750000,69,A4,440.0000,96,0.125000,0.068750
351,07_fast_16th_scale,94.875000,67,G4,391.9954,96,0.125000,0.068750
352,07_fast_16th_scale,95.000000,65,F4,349.2282,96,0.125000,0.068750
353,07_fast_16th_scale,95.125000,64,E4,329.6276,96,0.125000,0.068750
354,07_fast_16th_scale,95.250000,62,D4,293.6648,96,0.125000,0.068750
355,08_32nd_note_stress_62ms,96.375000,60,C4,261.6256,100,0.062500,0.026042
356,08_32nd_note_stress_62ms,96.437500,61,C#4,277.1826,100,0.062500,0.026042
357,08_32nd_note_stress_62ms,96.500000,62,D4,293.6648,100,0.062500,0.026042
358,08_32nd_note_stress_62ms,96.562500,63,D#4,311.1270,100,0.062500,0.026042
359,08_32nd_note_stress_62ms,96.625000,64,E4,329.6276,100,0.062500,0.026042
360,08_32nd_note_stress_62ms,96.687500,65,F4,349.2282,100,0.062500,0.026042
361,08_32nd_note_stress_62ms,96.750000,66,F#4,369.9944,100,0.062500,0.026042
362,08_32nd_note_stress_62ms,96.812500,67,G4,391.9954,100,0.062500,0.026042
363,08_32nd_note_stress_62ms,96.875000,68,G#4,415.3047,100,0.062500,0.026042
364,08_32nd_note_stress_62ms,96.937500,69,A4,440.0000,100,0.062500,0.026042
365,08_32nd_note_stress_62ms,97.000000,70,A#4,466.1638,100,0.062500,0.026042
366,08_32nd_note_stress_62ms,97.062500,71,B4,493.8833,100,0.062500,0.026042
367,08_32nd_note_stress_62ms,97.125000,71,B4,493.8833,100,0.062500,0.026042
368,08_32nd_note_stress_62ms,97.187500,70,A#4,466.1638,100,0.062500,0.026042
369,08_32nd_note_stress_62ms,97.250000,69,A4,440.0000,100,0.062500,0.026042
370,08_32nd_note_stress_62ms,97.312500,68,G#4,415.3047,100,0.062500,0.026042
371,08_32nd_note_stress_62ms,97.375000,67,G4,391.9954,100,0.062500,0.026042
372,08_32nd_note_stress_62ms,97.437500,66,F#4,369.9944,100,0.062500,0.026042
373,08_32nd_note_stress_62ms,97.500000,65,F4,349.2282,100,0.062500,0.026042
374,08_32nd_note_stress_62ms,97.562500,64,E4,329.6276,100,0.062500,0.026042
375,08_32nd_note_stress_62ms,97.625000,63,D#4,311.1270,100,0.062500,0.026042
376,08_32nd_note_stress_62ms,97.687500,62,D4,293.6648,100,0.062500,0.026042
377,08_32nd_note_stress_62ms,97.750000,61,C#4,277.1826,100,0.062500,0.026042
378,08_32nd_note_stress_62ms,97.812500,60,C4,261.6256,100,0.062500,0.026042
379,08_32nd_note_stress_62ms,97.875000,60,C4,261.6256,100,0.062500,0.026042
380,08_32nd_note_stress_62ms,97.937500,61,C#4,277.1826,100,0.062500,0.026042
381,08_32nd_note_stress_62ms,98.000000,62,D4,293.6648,100,0.062500,0.026042
382,08_32nd_note_stress_62ms,98.062500,63,D#4,311.1270,100,0.062500,0.026042
383,08_32nd_note_stress_62ms,98.125000,64,E4,329.6276,100,0.062500,0.026042
384,08_32nd_note_stress_62ms,98.187500,65,F4,349.2282,100,0.062500,0.026042
385,08_32nd_note_stress_62ms,98.250000,66,F#4,369.9944,100,0.062500,0.026042
386,08_32nd_note_stress_62ms,98.312500,67,G4,391.9954,100,0.062500,0.026042
387,08_32nd_note_stress_62ms,98.375000,68,G#4,415.3047,100,0.062500,0.026042
388,08_32nd_note_stress_62ms,98.437500,69,A4,440.0000,100,0.062500,0.026042
389,08_32nd_note_stress_62ms,98.500000,70,A#4,466.1638,100,0.062500,0.026042
390,08_32nd_note_stress_62ms,98.562500,71,B4,493.8833,100,0.062500,0.026042
391,08_32nd_note_stress_62ms,98.625000,71,B4,493.8833,100,0.062500,0.026042
392,08_32nd_note_stress_62ms,98.687500,70,A#4,466.1638,100,0.062500,0.026042
393,08_32nd_note_stress_62ms,98.750000,69,A4,440.0000,100,0.062500,0.026042
394,08_32nd_note_stress_62ms,98.812500,68,G#4,415.3047,100,0.062500,0.026042
395,08_32nd_note_stress_62ms,98.875000,67,G4,391.9954,100,0.062500,0.026042
396,08_32nd_note_stress_62ms,98.937500,66,F#4,369.9944,100,0.062500,0.026042
397,08_32nd_note_stress_62ms,99.000000,65,F4,349.2282,100,0.062500,0.026042
398,08_32nd_note_stress_62ms,99.062500,64,E4,329.6276,100,0.062500,0.026042
399,08_32nd_note_stress_62ms,99.125000,63,D#4,311.1270,100,0.062500,0.026042
400,08_32nd_note_stress_62ms,99.187500,62,D4,293.6648,100,0.062500,0.026042
401,08_32nd_note_stress_62ms,99.250000,61,C#4,277.1826,100,0.062500,0.026042
402,08_32nd_note_stress_62ms,99.312500,60,C4,261.6256,100,0.062500,0.026042
403,09_arpeggios,100.375000,48,C3,130.8128,95,0.187500,0.112500
404,09_arpeggios,100.562500,55,G3,195.9977,95,0.187500,0.112500
405,09_arpeggios,100.750000,60,C4,261.6256,95,0.187500,0.112500
406,09_arpeggios,100.937500,64,E4,329.6276,95,0.187500,0.112500
407,09_arpeggios,101.125000,67,G4,391.9954,95,0.187500,0.112500
408,09_arpeggios,101.312500,72,C5,523.2511,95,0.187500,0.112500
409,09_arpeggios,101.500000,48,C3,130.8128,95,0.187500,0.112500
410,09_arpeggios,101.687500,55,G3,195.9977,95,0.187500,0.112500
411,09_arpeggios,101.875000,60,C4,261.6256,95,0.187500,0.112500
412,09_arpeggios,102.062500,64,E4,329.6276,95,0.187500,0.112500
413,09_arpeggios,102.250000,67,G4,391.9954,95,0.187500,0.112500
414,09_arpeggios,102.437500,72,C5,523.2511,95,0.187500,0.112500
415,09_arpeggios,102.625000,48,C3,130.8128,95,0.187500,0.112500
416,09_arpeggios,102.812500,55,G3,195.9977,95,0.187500,0.112500
417,09_arpeggios,103.000000,60,C4,261.6256,95,0.187500,0.112500
418,09_arpeggios,103.187500,64,E4,329.6276,95,0.187500,0.112500
419,09_arpeggios,103.375000,67,G4,391.9954,95,0.187500,0.112500
420,09_arpeggios,103.562500,72,C5,523.2511,95,0.187500,0.112500
421,09_arpeggios,104.250000,45,A2,110.0000,95,0.187500,0.112500
422,09_arpeggios,104.437500,52,E3,164.8138,95,0.187500,0.112500
423,09_arpeggios,104.625000,57,A3,220.0000,95,0.187500,0.112500
424,09_arpeggios,104.812500,60,C4,261.6256,95,0.187500,0.112500
425,09_arpeggios,105.000000,64,E4,329.6276,95,0.187500,0.112500
426,09_arpeggios,105.187500,69,A4,440.0000,95,0.187500,0.112500
427,09_arpeggios,105.375000,45,A2,110.0000,95,0.187500,0.112500
428,09_arpeggios,105.562500,52,E3,164.8138,95,0.187500,0.112500
429,09_arpeggios,105.750000,57,A3,220.0000,95,0.187500,0.112500
430,09_arpeggios,105.937500,60,C4,261.6256,95,0.187500,0.112500
431,09_arpeggios,106.125000,64,E4,329.6276,95,0.187500,0.112500
432,09_arpeggios,106.312500,69,A4,440.0000,95,0.187500,0.112500
433,09_arpeggios,106.500000,45,A2,110.0000,95,0.187500,0.112500
434,09_arpeggios,106.687500,52,E3,164.8138,95,0.187500,0.112500
435,09_arpeggios,106.875000,57,A3,220.0000,95,0.187500,0.112500
436,09_arpeggios,107.062500,60,C4,261.6256,95,0.187500,0.112500
437,09_arpeggios,107.250000,64,E4,329.6276,95,0.187500,0.112500
438,09_arpeggios,107.437500,69,A4,440.0000,95,0.187500,0.112500
439,09_arpeggios,108.125000,52,E3,164.8138,95,0.187500,0.112500
440,09_arpeggios,108.312500,59,B3,246.9417,95,0.187500,0.112500
441,09_arpeggios,108.500000,64,E4,329.6276,95,0.187500,0.112500
442,09_arpeggios,108.687500,67,G4,391.9954,95,0.187500,0.112500
443,09_arpeggios,108.875000,71,B4,493.8833,95,0.187500,0.112500
444,09_arpeggios,109.062500,76,E5,659.2551,95,0.187500,0.112500
445,09_arpeggios,109.250000,52,E3,164.8138,95,0.187500,0.112500
446,09_arpeggios,109.437500,59,B3,246.9417,95,0.187500,0.112500
447,09_arpeggios,109.625000,64,E4,329.6276,95,0.187500,0.112500
448,09_arpeggios,109.812500,67,G4,391.9954,95,0.187500,0.112500
449,09_arpeggios,110.000000,71,B4,493.8833,95,0.187500,0.112500
450,09_arpeggios,110.187500,76,E5,659.2551,95,0.187500,0.112500
451,09_arpeggios,110.375000,52,E3,164.8138,95,0.187500,0.112500
452,09_arpeggios,110.562500,59,B3,246.9417,95,0.187500,0.112500
453,09_arpeggios,110.750000,64,E4,329.6276,95,0.187500,0.112500
454,09_arpeggios,110.937500,67,G4,391.9954,95,0.187500,0.112500
455,09_arpeggios,111.125000,71,B4,493.8833,95,0.187500,0.112500
456,09_arpeggios,111.312500,76,E5,659.2551,95,0.187500,0.112500
457,10_velocity_dynamics,112.000000,60,C4,261.6256,35,0.375000,0.206250
458,10_velocity_dynamics,112.375000,60,C4,261.6256,50,0.375000,0.206250
459,10_velocity_dynamics,112.750000,60,C4,261.6256,65,0.375000,0.206250
460,10_velocity_dynamics,113.125000,60,C4,261.6256,80,0.375000,0.206250
461,10_velocity_dynamics,113.500000,60,C4,261.6256,95,0.375000,0.206250
462,10_velocity_dynamics,113.875000,60,C4,261.6256,110,0.375000,0.206250
463,10_velocity_dynamics,114.250000,60,C4,261.6256,127,0.375000,0.206250
464,10_velocity_dynamics,114.625000,60,C4,261.6256,110,0.375000,0.206250
465,10_velocity_dynamics,115.000000,60,C4,261.6256,95,0.375000,0.206250
466,10_velocity_dynamics,115.375000,60,C4,261.6256,80,0.375000,0.206250
467,10_velocity_dynamics,115.750000,60,C4,261.6256,65,0.375000,0.206250
468,10_velocity_dynamics,116.125000,60,C4,261.6256,50,0.375000,0.206250
469,10_velocity_dynamics,116.500000,60,C4,261.6256,35,0.375000,0.206250
470,10_velocity_dynamics,116.875000,69,A4,440.0000,35,0.375000,0.206250
471,10_velocity_dynamics,117.250000,69,A4,440.0000,50,0.375000,0.206250
472,10_velocity_dynamics,117.625000,69,A4,440.0000,65,0.375000,0.206250
473,10_velocity_dynamics,118.000000,69,A4,440.0000,80,0.375000,0.206250
474,10_velocity_dynamics,118.375000,69,A4,440.0000,95,0.375000,0.206250
475,10_velocity_dynamics,118.750000,69,A4,440.0000,110,0.375000,0.206250
476,10_velocity_dynamics,119.125000,69,A4,440.0000,127,0.375000,0.206250
477,10_velocity_dynamics,119.500000,69,A4,440.0000,110,0.375000,0.206250
478,10_velocity_dynamics,119.875000,69,A4,440.0000,95,0.375000,0.206250
479,10_velocity_dynamics,120.250000,69,A4,440.0000,80,0.375000,0.206250
480,10_velocity_dynamics,120.625000,69,A4,440.0000,65,0.375000,0.206250
481,10_velocity_dynamics,121.000000,69,A4,440.0000,50,0.375000,0.206250
482,10_velocity_dynamics,121.375000,69,A4,440.0000,35,0.375000,0.206250
483,11_long_sustains,122.750000,28,E1,41.2034,100,2.000000,1.800000
484,11_long_sustains,124.750000,36,C2,65.4064,100,2.000000,1.800000
485,11_long_sustains,126.750000,45,A2,110.0000,100,2.000000,1.800000
486,11_long_sustains,128.750000,52,E3,164.8138,100,2.000000,1.800000
487,11_long_sustains,130.750000,57,A3,220.0000,100,2.000000,1.800000
488,11_long_sustains,132.750000,60,C4,261.6256,100,2.000000,1.800000
489,11_long_sustains,134.750000,64,E4,329.6276,100,2.000000,1.800000
490,11_long_sustains,136.750000,69,A4,440.0000,100,2.000000,1.800000
491,11_long_sustains,138.750000,72,C5,523.2511,100,2.000000,1.800000
492,11_long_sustains,140.750000,76,E5,659.2551,100,2.000000,1.800000
493,11_long_sustains,142.750000,81,A5,880.0000,100,2.000000,1.800000
494,11_long_sustains,144.750000,88,E6,1318.5102,100,2.000000,1.800000
495,11_long_sustains,146.750000,93,A6,1760.0000,100,2.000000,1.800000
496,12_boundary_stress,149.750000,24,C1,32.7032,100,1.000000,0.750000
497,12_boundary_stress,150.750000,26,D1,36.7081,100,1.000000,0.750000
498,12_boundary_stress,151.750000,27,D#1,38.8909,100,1.000000,0.750000
499,12_boundary_stress,152.750000,28,E1,41.2034,100,1.000000,0.750000
500,12_boundary_stress,153.750000,29,F1,43.6535,100,1.000000,0.750000
501,12_boundary_stress,154.750000,92,G#6,1661.2188,100,1.000000,0.750000
502,12_boundary_stress,155.750000,93,A6,1760.0000,100,1.000000,0.750000
503,12_boundary_stress,156.750000,94,A#6,1864.6550,100,1.000000,0.750000
504,12_boundary_stress,157.750000,96,C7,2093.0045,100,1.000000,0.750000
